{
  "model": "nomic-embed-text",
  "num_chunks": 200,
  "per_query": [
    {
      "precision_5": 0.2,
      "recall_5": 0.2,
      "precision_10": 0.1,
      "recall_10": 0.2,
      "precision_20": 0.05,
      "recall_20": 0.2,
      "mrr": 0.3333333333333333,
      "query_id": "query_1"
    },
    {
      "precision_5": 0.0,
      "recall_5": 0.0,
      "precision_10": 0.0,
      "recall_10": 0.0,
      "precision_20": 0.0,
      "recall_20": 0.0,
      "mrr": 0.0,
      "query_id": "query_2"
    },
    {
      "precision_5": 0.2,
      "recall_5": 0.2,
      "precision_10": 0.2,
      "recall_10": 0.4,
      "precision_20": 0.15,
      "recall_20": 0.6,
      "mrr": 0.2,
      "query_id": "query_3"
    }
  ],
  "aggregate": {
    "precision_5_avg": 0.13333333333333333,
    "recall_10_avg": 0.20000000000000004,
    "mrr_avg": 0.17777777777777778
  }
}